effective_date,prime_rate_pct,source,note
2022-01-01,3.25,"FRED series PRIME, https://fred.stlouisfed.org/series/PRIME","3.25% was already in force on 2022-01-01; that row is the chart start, not a change date"
2022-03-17,3.5,"FRED series PRIME, https://fred.stlouisfed.org/series/PRIME",
2022-05-05,4.0,"FRED series PRIME, https://fred.stlouisfed.org/series/PRIME",
2022-06-16,4.75,"FRED series PRIME, https://fred.stlouisfed.org/series/PRIME",
2022-07-28,5.5,"FRED series PRIME, https://fred.stlouisfed.org/series/PRIME",
2022-09-22,6.25,"FRED series PRIME, https://fred.stlouisfed.org/series/PRIME",
2022-11-03,7.0,"FRED series PRIME, https://fred.stlouisfed.org/series/PRIME",
2022-12-15,7.5,"FRED series PRIME, https://fred.stlouisfed.org/series/PRIME",
2023-02-02,7.75,"FRED series PRIME, https://fred.stlouisfed.org/series/PRIME",
2023-03-23,8.0,"FRED series PRIME, https://fred.stlouisfed.org/series/PRIME",
2023-05-04,8.25,"FRED series PRIME, https://fred.stlouisfed.org/series/PRIME",
2023-07-27,8.5,"FRED series PRIME, https://fred.stlouisfed.org/series/PRIME",
2024-09-19,8.0,"FRED series PRIME, https://fred.stlouisfed.org/series/PRIME",
2024-11-08,7.75,"FRED series PRIME, https://fred.stlouisfed.org/series/PRIME",
2024-12-20,7.5,"FRED series PRIME, https://fred.stlouisfed.org/series/PRIME",
2025-09-17,7.25,"FRED series PRIME, https://fred.stlouisfed.org/series/PRIME",
2025-10-30,7.0,"FRED series PRIME, https://fred.stlouisfed.org/series/PRIME",
2025-12-11,6.75,"FRED series PRIME, https://fred.stlouisfed.org/series/PRIME",
